,Name,Allocation
0,U.S. Dollar,11.25%
1,JPMorgan Trust II US Government Money Market Fund Institutional,7.12%
2,CORPORATE BOND,4.88%
3,Federation des caisses Desjardins du Quebec 2.25% 30-OCT-2020,0.75%
4,DNB Bank ASA 2.125% 02-OCT-2020,0.64%
5,FIXED INCOME (UNCLASSFIED),0.62%
6,U.S. Bank National Association FRN 21-JAN-2022,0.61%
7,UBS AG London Branch 1.75% 21-APR-2022,0.58%
8,BPCE SA FRN 14-JAN-2022,0.56%
9,HSBC Holdings Plc 2.95% 25-MAY-2021,0.52%
10,Svenska Handelsbanken AB 3.35% 24-MAY-2021,0.51%
11,Credit Suisse AG (New York Branch) 2.8% 08-APR-2022,0.49%
12,Rogers Communications Inc. FRN 22-MAR-2022,0.49%
13,WEA Finance LLC 3.25% 05-OCT-2020,0.48%
14,Societe Generale S.A. 5.2% 15-APR-2021,0.45%
15,ASSET-BACKED SECURITIES,0.44%
16,Caterpillar Financial Services Corporation FRN 15-MAR-2021,0.44%
17,ING Groep NV 3.15% 29-MAR-2022,0.44%
18,National Bank of Canada FRN 21-MAR-2021,0.44%
19,Westpac Banking Corporation 2.35% 19-FEB-2025,0.43%
20,Nationwide Building Society 2.0% 27-JAN-2023,0.42%
21,Banque Federative du Credit Mutuel SA 1.96% 21-JUL-2021,0.41%
22,UBS Group Funding (Switzerland) AG 3.0% 15-APR-2021,0.41%
23,"Mizuho Financial Group, Inc. 2.632% 12-APR-2021",0.41%
24,"Altria Group, Inc. 4.75% 05-MAY-2021",0.40%
25,Santander UK Group Holdings Plc 3.125% 08-JAN-2021,0.40%
26,Viacom Inc. 3.875% 01-APR-2024,0.40%
27,Volkswagen Group of America Finance LLC 2.9% 13-MAY-2022,0.40%
28,Oracle Corporation 2.5% 01-APR-2025,0.39%
29,BPCE SA 17-FEB-2022,0.39%
30,Credit Suisse Group Funding (Guernsey) Ltd. 3.125% 10-DEC-2020,0.38%
31,Bank of Montreal FRN 22-JAN-2021,0.38%
32,Societe Generale S.A. 1.375% 08-JUL-2025,0.37%
33,Jackson National Life Global Funding 3.25% 30-JAN-2024,0.36%
34,Exxon Mobil Corporation 1.571% 15-APR-2023,0.36%
35,"American Electric Power Company, Inc. 2.15% 13-NOV-2020",0.36%
36,American Express Company 2.2% 30-OCT-2020,0.35%
37,Macquarie Bank Ltd. FRN 24-NOV-2021,0.35%
38,Nordea Bank AB 2.25% 27-MAY-2021,0.35%
39,Avery Point VI CLO AR 1.299% 05-AUG-2027,0.35%
40,DBS Group Holdings Ltd 2.85% 16-APR-2022,0.34%
41,Svenska Handelsbanken AB FRN 24-MAY-2021,0.33%
42,National Bank of Canada 2.1% 01-FEB-2023,0.33%
43,Royal Bank of Canada 1.6% 17-APR-2023,0.33%
44,"Mitsubishi UFJ Financial Group, Inc. 2.998% 22-FEB-2022",0.33%
45,Bank of America Corporation 3.55% 05-MAR-2024,0.32%
46,Keurig Dr Pepper Inc. 3.551% 25-MAY-2021,0.32%
47,Barclays Plc 3.2% 10-AUG-2021,0.32%
48,"NextEra Energy Capital Holdings, Inc. FRN 25-FEB-2022",0.32%
49,Capital One Financial Corporation 3.45% 30-APR-2021,0.31%
50,Skandinaviska Enskilda Banken AB 3.25% 17-MAY-2021,0.31%
51,Macquarie Bank Ltd. FRN 06-AUG-2021,0.30%
52,Caterpillar Financial Services Corporation FRN 08-MAR-2021,0.30%
53,Cigna Corporation 3.2% 17-SEP-2020,0.30%
54,Principal Life Global Funding II FRN 06-OCT-2021,0.30%
55,Standard Chartered PLC 3.05% 15-JAN-2021,0.29%
56,Jackson National Life Global Funding FRN 16-MAR-2021,0.29%
57,CK Hutchison International (16) Ltd. 1.875% 03-OCT-2021,0.29%
58,International Business Machines Corporation 2.85% 13-MAY-2022,0.29%
59,AbbVie Inc. 2.15% 19-NOV-2021,0.28%
60,Compass Bank 3.5% 11-JUN-2021,0.28%
61,International Business Machines Corporation FRN 13-MAY-2021,0.28%
62,American Honda Finance Corp. 0.875% 07-JUL-2023,0.27%
63,Swiss Re Treasury (US) Corp. 2.875% 06-DEC-2022,0.27%
64,DNB Bank ASA 2.15% 02-DEC-2022,0.27%
65,New York Life Global Funding 0.95% 24-JUN-2025,0.27%
66,"Sumitomo Mitsui Financial Group, Inc. 2.784% 12-JUL-2022",0.26%
67,Met Tower Global Funding 0.55% 13-JUL-2022,0.26%
68,Thermo Fisher Scientific Inc. 4.133% 25-MAR-2025,0.26%
69,BNP Paribas S.A. FRN 07-AUG-2021,0.26%
70,Octagon Investment Partners 35 A1A 1.33175% 20-JAN-2031,0.25%
71,Neuberger Berman CLO XVI-S A 1.125% 15-JAN-2028,0.25%
72,Southern Company 2.35% 01-JUL-2021,0.25%
73,Barings CLO 2013-I AR 1.07175% 20-JAN-2028,0.24%
74,Banque Federative du Credit Mutuel SA 2.75% 15-OCT-2020,0.24%
75,CIFC Funding 2017-V A1 1.45288% 16-NOV-2030,0.24%
76,Svenska Handelsbanken AB 0.625% 30-JUN-2023,0.24%
77,Boeing Company 4.508% 01-MAY-2023,0.24%
78,Symphony CLO XIV AR 1.21813% 14-JUL-2026,0.24%
79,Credit Agricole Corporate and Investment Bank Societe Anonyme FRN 03-OCT-2021,0.24%
80,Jackson National Life Global Funding FRN 15-OCT-2020,0.24%
81,"Leidos, Inc. 2.95% 15-MAY-2023",0.24%
82,Credit Suisse AG (New York Branch) 1.0% 05-MAY-2023,0.23%
83,SunTrust Bank 3.525% 26-OCT-2021,0.23%
84,"Citibank, National Association FRN 19-FEB-2022",0.23%
85,Reckitt Benckiser Treasury Services Plc 2.375% 24-JUN-2022,0.23%
86,Bank of Montreal FRN 26-MAR-2022,0.22%
87,Toyota Motor Credit Corporation FRN 14-FEB-2022,0.22%
88,"Sumitomo Mitsui Financial Group, Inc. 2.442% 19-OCT-2021",0.22%
89,Bank of America Corporation 2.738% 23-JAN-2022,0.22%
90,Toronto-Dominion Bank FRN 27-JAN-2023,0.22%
91,ABN AMRO Bank N.V. 3.4% 27-AUG-2021,0.21%
92,Royal Bank of Canada 2.15 % Medium Term Notes 2017-26.10.20 Global Series G,0.21%
93,Palmer Square Loan Funding 2019-4 A1 1.1635% 24-OCT-2027,0.21%
94,TransCanada PipeLines Ltd. 3.8% 01-OCT-2020,0.21%
95,Verizon Communications Inc. FRN 16-MAR-2022,0.21%
96,Daimler Finance North America LLC FRN 22-FEB-2022,0.21%
97,"Citizens Bank, N.A. 2.25% 30-OCT-2020",0.21%
98,Phillips 66 3.85% 09-APR-2025,0.20%
99,CSMC 2019-ICE4 A 1.142% 15-MAY-2036,0.20%
100,Santander UK Plc 2.1% 13-JAN-2023,0.20%
101,Morgan Stanley 2.75% 19-MAY-2022,0.20%
102,TransCanada PipeLines Ltd. 3.75% 16-OCT-2023,0.20%
103,Toyota Motor Credit Corporation FRN 23-OCT-2020,0.20%
104,CVS Health Corporation 3.35% 09-MAR-2021,0.20%
105,DBGS 2018-BIOD Mortgage Trust A 0.96501% 15-MAR-2037,0.19%
106,"NextEra Energy Capital Holdings, Inc. 2.403% 01-SEP-2021",0.19%
107,Capital One Financial Corporation 2.6% 11-MAY-2023,0.19%
108,OCP CLO 2015-9 A1R 1.075% 15-JUL-2027,0.19%
109,AIG Global Funding FRN 22-JAN-2021,0.19%
110,Commonwealth Bank of Australia 1.625% 17-OCT-2022,0.19%
111,Bank of Montreal FRN 10-SEP-2021,0.19%
112,Fifth Third Bancorp 3.65% 25-JAN-2024,0.19%
113,Avolon Holdings Funding Ltd. 3.625% 01-MAY-2022,0.19%
114,"Amazon.com, Inc. 0.4% 03-JUN-2023",0.19%
115,Morgan Stanley & Co. LLC 2.625% 17-NOV-2021,0.19%
116,Royal Bank of Canada 1.15% 10-JUN-2025,0.19%
117,Caterpillar Financial Services Corporation 0.95% 13-MAY-2022,0.19%
118,U.S. Bancorp 1.45% 12-MAY-2025,0.19%
119,Laboratory Corporation of America Holdings 2.3% 01-DEC-2024,0.18%
120,Wells Fargo & Company 1.654% 01-JUN-2024,0.18%
121,"Capital One, National Association 2.15% 06-SEP-2022",0.18%
122,Huntington Bancshares Incorporated 2.625% 06-AUG-2024,0.18%
123,ING Bank N.V. 2.75% 22-MAR-2021,0.18%
124,"MUFG Union Bank, National Association FRN 09-DEC-2022",0.18%
125,Daimler Finance North America LLC FRN 15-FEB-2022,0.18%
126,NiSource Inc. 0.95% 15-AUG-2025,0.18%
127,Jackson National Life Global Funding 2.25% 29-APR-2021,0.18%
128,Barclays Bank PLC 1.7% 12-MAY-2022,0.18%
129,"SunTrust Banks, Inc. 4.0% 01-MAY-2025",0.18%
130,HSBC Holdings Plc FRN 05-JAN-2022,0.18%
131,Citigroup Inc. 3.352% 24-APR-2025,0.17%
132,Enterprise Products Operating LLC 5.2% 01-SEP-2020,0.17%
133,LCM XX AR 1.31175% 20-OCT-2027,0.17%
134,"Goldman Sachs Group, Inc. 5.75% 24-JAN-2022",0.17%
135,"Mitsubishi UFJ Financial Group, Inc. FRN 07-MAR-2022",0.17%
136,Lloyds Bank Corporate Markets (New York) FRN 24-SEP-2020,0.17%
137,Zoetis Inc. FRN 20-AUG-2021,0.17%
138,BX Commercial Mortgage Trust 2020-BXLP A 0.962% 15-DEC-2036,0.17%
139,Verizon Owner Trust 2018-1 A1A 2.82% 20-SEP-2022,0.17%
140,Athene Global Funding 4.0% 25-JAN-2022,0.17%
141,Skandinaviska Enskilda Banken AB 1.875% 13-SEP-2021,0.17%
142,"Nomura Holdings, Inc. 1.851% 16-JUL-2025",0.16%
143,"Citibank, National Association 3.165% 19-FEB-2022",0.16%
144,BNZ International Funding Ltd. (United Kingdom) FRN 14-SEP-2021,0.16%
145,Metropolitan Life Global Funding I 2.4% 08-JAN-2021,0.16%
146,"Analog Devices, Inc. 2.95% 12-JAN-2021",0.16%
147,U.S. Bancorp 3.375% 05-FEB-2024,0.16%
148,"American International Group, Inc. 2.5% 30-JUN-2025",0.16%
149,ABN AMRO Bank N.V. 2.65% 19-JAN-2021,0.16%
150,Apple Inc. 1.7% 11-SEP-2022,0.16%
151,ING Groep NV FRN 29-MAR-2022,0.16%
152,U.S. Bank National Association FRN 04-FEB-2021,0.16%
153,Barclays Plc FRN 10-AUG-2021,0.16%
154,"Mitsubishi UFJ Financial Group, Inc. 2.623% 18-JUL-2022",0.16%
155,KeyCorp 2.9% 15-SEP-2020,0.16%
156,Air Liquide Finance SA 1.75% 27-SEP-2021,0.15%
157,Volkswagen Group of America Finance LLC FRN 24-SEP-2021,0.15%
158,Walt Disney Company 3.35% 24-MAR-2025,0.15%
159,Societe Generale S.A. 2.5% 08-APR-2021,0.15%
160,"Dominion Energy, Inc. 2.715% 15-AUG-2021",0.15%
161,Walt Disney Company 1.65% 01-SEP-2022,0.15%
162,Bank of New York Mellon Corporation 1.6% 24-APR-2025,0.15%
163,Chevron Corporation 1.554% 11-MAY-2025,0.15%
164,"Chevron U.S.A., Inc. 0.426% 11-AUG-2023",0.15%
165,Protective Life Global Funding 1.082% 09-JUN-2023,0.15%
166,"American International Group, Inc. 3.3% 01-MAR-2021",0.15%
167,Bank of America Corporation 3.864% 23-JUL-2024,0.15%
168,Protective Life Global Funding 1.17% 15-JUL-2025,0.15%
169,Apidos CLO XXI A1R 1.20175% 18-JUL-2027,0.15%
170,"Goldman Sachs Group, Inc. 2.6% 27-DEC-2020",0.15%
171,AbbVie Inc. FRN 19-NOV-2021,0.15%
172,Jackson National Life Global Funding FRN 06-JAN-2023,0.15%
173,New York Life Global Funding FRN 21-JAN-2022,0.14%
174,Mondelez International Holdings Netherlands BV 2.125% 19-SEP-2022,0.14%
175,Morgan Stanley 3.125% 23-JAN-2023,0.14%
176,"Sumitomo Mitsui Financial Group, Inc. FRN 11-JAN-2022",0.14%
177,BMW US Capital LLC 2.95% 14-APR-2022,0.14%
178,Cooperatieve Rabobank UA 3.875% 08-FEB-2022,0.14%
179,Fifth Third Bancorp 1.625% 05-MAY-2023,0.14%
180,"Chevron U.S.A., Inc. 0.687% 12-AUG-2025",0.14%
181,Svenska Handelsbanken AB 2.4% 01-OCT-2020,0.14%
182,Metropolitan Life Global Funding I FRN 08-JAN-2021,0.14%
183,Siemens Financieringsmaatschappij NV 3.125% 16-MAR-2024,0.14%
184,Suncor Energy Inc. 3.6% 01-DEC-2024,0.14%
185,"General Mills, Inc. FRN 16-APR-2021",0.14%
186,"Cargill, Incorporated 1.375% 23-JUL-2023",0.14%
187,BB&T Corporation 3.05% 20-JUN-2022,0.14%
188,Nutrien Ltd. 1.9% 13-MAY-2023,0.14%
189,Express Scripts Holding Company 2.6% 30-NOV-2020,0.13%
190,Shackleton 2015-VIII CLO A1R 1.19175% 20-OCT-2027,0.13%
191,National Australia Bank Limited FRN 04-NOV-2021,0.13%
192,Credit Suisse Group Funding (Guernsey) Ltd. 3.45% 16-APR-2021,0.13%
193,"Upjohn, Inc. 1.125% 22-JUN-2022",0.13%
194,HSBC Holdings Plc FRN 08-MAR-2021,0.13%
195,"Mitsubishi UFJ Financial Group, Inc. 3.535% 26-JUL-2021",0.13%
196,Banque Federative du Credit Mutuel SA 2.125% 21-NOV-2022,0.13%
197,3M Company 2.65% 15-APR-2025,0.13%
198,"Wells Fargo Bank, N.A. 3.55% 14-AUG-2023",0.13%
199,Cloud Pass-Through Trust 2019-1 NOTE 3.761746% 05-DEC-2022,0.13%
200,Apple Inc. 0.75% 11-MAY-2023,0.13%
201,Duke Energy Corporation FRN 14-MAY-2021,0.13%
202,Novartis Capital Corp. 1.75% 14-FEB-2025,0.13%
203,Newmont Corporation 3.625% 09-JUN-2021,0.13%
204,Appalachian Power Company 4.6% 30-MAR-2021,0.13%
205,MetLife Global Funding 0.9% 08-JUN-2023,0.13%
206,Citizens Bank Investment Services 2.55% 13-MAY-2021,0.12%
207,Macquarie Bank Ltd. 2.85% 15-JAN-2021,0.12%
208,Australia and New Zealand Banking Group Limited 2.625% 09-NOV-2022,0.12%
209,Huntington National Bank 2.5% 07-AUG-2022,0.12%
210,Total Capital International SA 2.218% 12-JUL-2021,0.12%
211,"Chevron U.S.A., Inc. 0.333% 12-AUG-2022",0.12%
212,Marathon Petroleum Corporation 3.4% 15-DEC-2020,0.12%
213,Wells Fargo & Company 3.3% 09-SEP-2024,0.12%
214,Daimler Finance North America LLC 3.4% 22-FEB-2022,0.12%
215,New York Life Global Funding 1.1% 05-MAY-2023,0.12%
216,Octagon Investment Partners 25 AR 1.07175% 20-OCT-2026,0.12%
217,UBS Group Funding (Switzerland) AG FRN 01-FEB-2022,0.12%
218,"Citizens Bank, National Association 3.25% 14-FEB-2022",0.12%
219,Nordea Bank AB 1.0% 09-JUN-2023,0.12%
220,"Mizuho Financial Group, Inc. FRN 13-SEP-2021",0.12%
221,American Express Company 3.0% 22-FEB-2021,0.12%
222,ING Bank N.V. 5.0% 09-JUN-2021,0.12%
223,GlaxoSmithKline Capital Plc 2.85% 08-MAY-2022,0.11%
224,Protective Life Global Funding 3.397% 28-JUN-2021,0.11%
225,State Street Corporation 2.825% 30-MAR-2023,0.11%
226,Canadian Imperial Bank of Commerce 3.5% 13-SEP-2023,0.11%
227,Penske Truck Leasing Co. LP 3.65% 29-JUL-2021,0.11%
228,"Mondelez International, Inc. 1.5% 04-MAY-2025",0.11%
229,"Hyundai Capital America, Inc. 3.45% 12-MAR-2021",0.11%
230,"Mizuho Financial Group, Inc. 1.241% 10-JUL-2024",0.11%
231,National Bank of Canada 0.9% 15-AUG-2023,0.11%
232,Daimler Finance North America LLC FRN 22-FEB-2021,0.11%
233,Banque Federative du Credit Mutuel SA 2.375% 21-NOV-2024,0.11%
234,"Wells Fargo Bank, N.A. 2.082% 09-SEP-2022",0.11%
235,Aviation Capital Group LLC FRN 01-JUN-2021,0.11%
236,HSBC Holdings Plc FRN 11-SEP-2021,0.11%
237,Commonwealth Bank of Australia 2.5% 18-SEP-2022,0.11%
238,Wells Fargo & Company 2.625% 22-JUL-2022,0.11%
239,"Constellation Brands, Inc. FRN 15-NOV-2021",0.11%
240,Toyota Motor Credit Corporation FRN 13-AUG-2021,0.10%
241,"NextEra Energy Capital Holdings, Inc. 2.75% 01-MAY-2025",0.10%
242,Skandinaviska Enskilda Banken AB 3.05% 25-MAR-2022,0.10%
243,BNZ International Funding Ltd. (United Kingdom) 3.375% 01-MAR-2023,0.10%
244,"Fifth Third Bank, National Association FRN 26-JUL-2021",0.10%
245,Comcast Corporation FRN 01-OCT-2020,0.10%
246,State Street Corporation 3.776% 03-DEC-2024,0.10%
247,Bristol-Myers Squibb Company FRN 16-NOV-2020,0.10%
248,Cooperatieve Centrale Raiffeisen-Boerenleenbank BA (New York) 3.125% 26-APR-2021,0.10%
249,BNP Paribas S.A. 5.0% 15-JAN-2021,0.10%
250,"Citizens Bank, National Association FRN 14-FEB-2022",0.10%
251,National Bank of Canada 2.15% 07-OCT-2022,0.10%
252,ANZ New Zealand (Int'l) Ltd. FRN 28-JUL-2021,0.10%
253,"Goldman Sachs Group, Inc. FRN 25-FEB-2021",0.10%
254,Canadian Imperial Bank of Commerce 2.606% 22-JUL-2023,0.10%
255,Vodafone Group Plc 3.75% 16-JAN-2024,0.10%
256,HSBC Holdings Plc FRN 25-MAY-2021,0.10%
257,Oracle Corporation 2.5% 15-OCT-2022,0.10%
258,OCP CLO 2015-8 A1R 1.12288% 17-APR-2027,0.10%
259,Toyota Motor Credit Corporation 0.45% 22-JUL-2022,0.10%
260,CVS Health Corporation 4.1% 25-MAR-2025,0.10%
261,CK Hutchison International (17) Ltd. 2.25% 29-SEP-2020,0.10%
262,ANZ Banking Group Ltd. (New York Branch) 2.05% 21-NOV-2022,0.10%
263,MPLX LP FRN 09-SEP-2021,0.09%
264,ABN AMRO Bank N.V. FRN 27-AUG-2021,0.09%
265,Volkswagen Group of America Finance LLC 4.0% 12-NOV-2021,0.09%
266,Svenska Handelsbanken AB 2.45% 30-MAR-2021,0.09%
267,KeyCorp 5.1% 24-MAR-2021,0.09%
268,Standard Chartered PLC 4.247% 20-JAN-2023,0.09%
269,Wells Fargo Commercial Mortgage Trust 2018-C46 A2 4.058% 15-AUG-2023,0.09%
270,Westpac Banking Corporation 3.65% 15-MAY-2023,0.09%
271,BMW US Capital LLC FRN 12-APR-2021,0.09%
272,Bank of Nova Scotia 2.7% 07-MAR-2022,0.09%
273,Shire Acquisitions Investments Ireland DAC 2.4% 23-SEP-2021,0.09%
274,Bank of Nova Scotia 1.95% 01-FEB-2023,0.09%
275,Bank of Nova Scotia 2.2% 03-FEB-2025,0.09%
276,Philip Morris International Inc. 1.125% 01-MAY-2023,0.09%
277,American Express Company FRN 05-NOV-2021,0.09%
278,BPCE SA 3.0% 22-MAY-2022,0.09%
279,Dell Equipment Finance Trust 2019-1 A2 2.78% 22-MAR-2025,0.09%
280,Australia & New Zealand Banking (New York Branch) 2.625% 19-MAY-2022,0.09%
281,Wisconsin Electric Power Company 2.95% 15-SEP-2021,0.09%
282,"Goldman Sachs Group, Inc. FRN 15-NOV-2021",0.09%
283,Canadian Imperial Bank of Commerce 2.25% 28-JAN-2025,0.09%
284,GlaxoSmithKline Capital Plc 3.125% 14-MAY-2021,0.09%
285,Svenska Handelsbanken AB 1.95% 08-SEP-2020,0.09%
286,"Gilead Sciences, Inc. 3.25% 01-SEP-2022",0.09%
287,Wells Fargo & Company FRN 11-FEB-2022,0.09%
288,Huntington National Bank FRN 05-FEB-2021,0.08%
289,Toronto-Dominion Bank 3.25% 11-JUN-2021,0.08%
290,Bank of New Zealand Limited 3.5% 20-FEB-2024,0.08%
291,Morgan Stanley FRN 21-APR-2021,0.08%
292,ANZ New Zealand (Int'l) Ltd. (London Branch) 3.4% 19-MAR-2024,0.08%
293,"Goldman Sachs Group, Inc. 5.25% 27-JUL-2021",0.08%
294,Skandinaviska Enskilda Banken AB 2.2% 12-DEC-2022,0.08%
295,Philip Morris International Inc. 2.375% 17-AUG-2022,0.08%
296,Morgan Stanley 5.75% 25-JAN-2021,0.08%
297,PACCAR Financial Corp. FRN 13-NOV-2020,0.08%
298,KKR CLO 13 A1R 1.07088% 16-JAN-2028,0.08%
299,Charles Schwab Corporation FRN 21-MAY-2021,0.08%
300,"Mitsubishi UFJ Financial Group, Inc. 2.665% 25-JUL-2022",0.08%
301,AIG Global Funding 1.9% 06-OCT-2021,0.08%
302,Royal Bank of Canada FRN 25-JAN-2021,0.08%
303,"Hyundai Capital America, Inc. 5.75% 06-APR-2023",0.08%
304,Exxon Mobil Corporation 1.902% 16-AUG-2022,0.08%
305,BPCE SA 2.75% 02-DEC-2021,0.08%
306,NatWest Group Plc 4.269% 22-MAR-2025,0.08%
307,Duke Energy Corporation 3.75% 15-APR-2024,0.08%
308,Credit Agricole SA (London Branch) 3.75% 24-APR-2023,0.08%
309,BPCE SA 2.65% 03-FEB-2021,0.08%
310,Bank of America Corporation FRN 25-JUN-2022,0.08%
311,ANZ New Zealand (Int'l) Ltd. 2.75% 22-JAN-2021,0.08%
312,"Fifth Third Bank, National Association FRN 30-OCT-2020",0.08%
313,Royal Bank of Canada 2.25% 01-NOV-2024,0.08%
314,AIA Group Limited FRN 20-SEP-2021,0.08%
315,"Banco Santander, S.A. 2.746% 28-MAY-2025",0.08%
316,Nucor Corporation 2.0% 01-JUN-2025,0.08%
317,Banque Federative du Credit Mutuel SA 2.7% 20-JUL-2022,0.08%
318,Siemens Financieringsmaatschappij NV 2.0% 15-SEP-2023,0.08%
319,Palmer Square Loan Funding 2020-1 A1 1.053% 20-FEB-2028,0.08%
320,"Anheuser-Busch Inbev Worldwide, Inc. 4.15% 23-JAN-2025",0.08%
321,Starbucks Corporation 1.3% 07-MAY-2022,0.08%
322,AbbVie Inc. 2.3% 14-MAY-2021,0.08%
323,"PNC Bank, National Association 2.15% 29-APR-2021",0.08%
324,"Hyundai Capital America, Inc. 2.85% 01-NOV-2022",0.08%
325,Volkswagen Group of America Finance LLC 2.7% 26-SEP-2022,0.08%
326,Honeywell International Inc. 1.35% 01-JUN-2025,0.08%
327,"CenterPoint Energy, Inc. 3.6% 01-NOV-2021",0.08%
328,"Chubb INA Holdings, Inc. 3.15% 15-MAR-2025",0.08%
329,Reliance Standard Life Global Funding II 2.15% 21-JAN-2023,0.07%
330,Bank of Nova Scotia FRN 07-MAR-2022,0.07%
331,Omnicom Group Inc 3.625% 01-MAY-2022,0.07%
332,Caterpillar Financial Services Corporation 2.55% 29-NOV-2022,0.07%
333,"Hyundai Capital America, Inc. 2.45% 15-JUN-2021",0.07%
334,BB&T Corporation FRN 01-FEB-2021,0.07%
335,Palmer Square Loan Funding 2019-2 A1 1.24175% 20-APR-2027,0.07%
336,"Citibank, National Association 2.85% 12-FEB-2021",0.07%
337,MUFG Americas Holdings Corporation 3.5% 18-JUN-2022,0.07%
338,Treman Park CLO ARR 1.34175% 20-OCT-2028,0.07%
339,Wells Fargo & Company 2.1% 26-JUL-2021,0.07%
340,Citigroup Inc. FRN 30-MAR-2021,0.07%
341,Santander UK Group Holdings Plc 2.875% 16-OCT-2020,0.07%
342,U.S. Bank National Association FRN 16-NOV-2021,0.07%
343,U.S. Bancorp 2.35% 29-JAN-2021,0.07%
344,BNP Paribas S.A. 3.5% 01-MAR-2023,0.07%
345,Archer-Daniels-Midland Company 2.75% 27-MAR-2025,0.07%
346,Bank of New York Mellon Corporation 1.85% 27-JAN-2023,0.07%
347,Principal Life Global Funding II FRN 02-MAR-2021,0.07%
348,IBM Credit LLC 2.2% 08-SEP-2022,0.07%
349,Reliance Standard Life Global Funding II 3.05% 20-JAN-2021,0.07%
350,Compass Bank FRN 11-JUN-2021,0.07%
351,Reynolds American Inc. 4.0% 12-JUN-2022,0.07%
352,Apple Inc. 1.8% 11-SEP-2024,0.07%
353,"Chubb INA Holdings, Inc. 3.35% 15-MAY-2024",0.07%
354,AIMCO CLO Series 2015-A AR 1.125% 15-JAN-2028,0.07%
355,BB&T Corporation 3.75% 06-DEC-2023,0.07%
356,"Capital One, National Association 2.25% 13-SEP-2021",0.07%
357,"Fifth Third Bank, National Association 2.2% 30-OCT-2020",0.07%
358,National Australia Bank Limited 2.5% 22-MAY-2022,0.07%
359,Westpac Banking Corporation 2.65% 25-JAN-2021,0.07%
360,Westpac Banking Corporation 2.5% 28-JUN-2022,0.07%
361,"Mitsubishi UFJ Financial Group, Inc. FRN 26-JUL-2021",0.07%
362,Bank of Montreal 2.9% 26-MAR-2022,0.07%
363,American Express Company 2.5% 01-AUG-2022,0.07%
364,"Altria Group, Inc. 3.49% 14-FEB-2022",0.07%
365,Walt Disney Company 1.75% 30-AUG-2024,0.07%
366,Bank of America Corporation 2.881% 24-APR-2023,0.06%
367,Macquarie Bank Ltd. 2.3% 22-JAN-2025,0.06%
368,"Mizuho Financial Group, Inc. 3.922% 11-SEP-2024",0.06%
369,Westpac Banking Corporation 2.6% 23-NOV-2020,0.06%
370,Bank of America Corporation 3.499% 17-MAY-2022,0.06%
371,Neuberger Berman CLO XIV ARR 1.27675% 28-JAN-2030,0.06%
372,Drive Auto Receivables Trust 2019-2 A3 3.04% 15-MAR-2023,0.06%
373,Bank of Nova Scotia 2.5% 08-JAN-2021,0.06%
374,Dorchester Park CLO AR 1.17175% 20-APR-2028,0.06%
375,Bank of Montreal 1.85% 01-MAY-2025,0.06%
376,"SunTrust Banks, Inc. 2.9% 03-MAR-2021",0.06%
377,BNP Paribas S.A. 2.95% 23-MAY-2022,0.06%
378,AIG Global Funding 0.8% 07-JUL-2023,0.06%
379,Royal Bank of Canada 3.7% 05-OCT-2023,0.06%
380,CVS Health Corporation 2.125% 01-JUN-2021,0.06%
381,Capital One Financial Corporation FRN 09-MAR-2022,0.06%
382,Metropolitan Life Global Funding I 3.45% 09-OCT-2021,0.06%
383,"Hyundai Capital America, Inc. FRN 08-JUL-2021",0.06%
384,ANZ New Zealand (Int'l) Ltd. 2.125% 28-JUL-2021,0.06%
385,DH Europe Finance II SARL 2.2% 15-NOV-2024,0.06%
386,Lloyds Banking Group plc 3.0% 11-JAN-2022,0.06%
387,Royal Bank of Canada FRN 30-APR-2021,0.06%
388,Shackleton 2015-VIII CLO A2R 1.19175% 20-OCT-2027,0.06%
389,DNB Bank ASA FRN 02-OCT-2020,0.06%
390,National Australia Bank Limited 1.875% 13-DEC-2022,0.06%
391,Citigroup Inc. FRN 02-AUG-2021,0.06%
392,Exelon Corporation 2.45% 15-APR-2021,0.06%
393,DNB Bank ASA 2.375% 02-JUN-2021,0.06%
394,Protective Life Global Funding 2.7% 25-NOV-2020,0.06%
395,Morgan Stanley Bank of America Merrill Lynch Trust 2013-C8 A3 2.863% 15-DEC-2048,0.06%
396,"PepsiCo, Inc. 3.1% 17-JUL-2022",0.06%
397,"Banco Santander, S.A. 3.5% 11-APR-2022",0.06%
398,AbbVie Inc. 5.0% 15-DEC-2021,0.06%
399,John Deere Capital Corporation 3.15% 15-OCT-2021,0.06%
400,BNZ International Funding Ltd. (United Kingdom) 2.1% 14-SEP-2021,0.06%
401,American Express Company FRN 17-MAY-2021,0.06%
402,Jackson National Life Global Funding 3.875% 11-JUN-2025,0.06%
403,Scentre Group Trust 1 2.375% 28-APR-2021,0.06%
404,"Hyundai Capital America, Inc. 3.0% 30-OCT-2020",0.06%
405,Caterpillar Financial Services Corporation 1.95% 18-NOV-2022,0.06%
406,Citigroup Inc. FRN 08-DEC-2021,0.06%
407,Toronto-Dominion Bank 2.65% 12-JUN-2024,0.06%
408,National Australia Bank Limited FRN 12-JAN-2021,0.06%
409,Morgan Stanley 5.5% 28-JUL-2021,0.06%
410,Citigroup Inc. 2.75% 25-APR-2022,0.06%
411,Cooperatieve Centrale Raiffeisen-Boerenleenbank BA (New York) FRN 26-APR-2021,0.05%
412,Huntington National Bank 3.25% 14-MAY-2021,0.05%
413,Schlumberger Investment SA 3.3% 14-SEP-2021,0.05%
414,PACCAR Financial Corp. 0.8% 08-JUN-2023,0.05%
415,Metropolitan Life Global Funding I 1.95% 15-SEP-2021,0.05%
416,"Mizuho Financial Group, Inc. 2.601% 11-SEP-2022",0.05%
417,Morgan Stanley 3.7% 23-OCT-2024,0.05%
418,"BP Capital Markets America, Inc. 4.742% 11-MAR-2021",0.05%
419,"Gilead Sciences, Inc. 2.55% 01-SEP-2020",0.05%
420,"General Mills, Inc. 3.2% 16-APR-2021",0.05%
421,BlueMountain CLO 2012-2 ARR 1.303% 20-NOV-2028,0.05%
422,Oracle Corporation 2.5% 15-MAY-2022,0.05%
423,"Sumitomo Mitsui Financial Group, Inc. 2.778% 18-OCT-2022",0.05%
424,Moody's Corporation 3.75% 24-MAR-2025,0.05%
425,Cooperatieve Centrale Raiffeisen-Boerenleenbank BA (New York) 3.875% 26-SEP-2023,0.05%
426,Electricite de France SA 2.35% 13-OCT-2020,0.05%
427,Volkswagen Group of America Finance LLC FRN 12-NOV-2021,0.05%
428,"DuPont de Nemours, Inc. FRN 15-NOV-2020",0.05%
429,General Dynamics Corporation FRN 11-MAY-2021,0.05%
430,"Mondelez International, Inc. 0.625% 01-JUL-2022",0.05%
431,Canadian Imperial Bank of Commerce 3.1% 02-APR-2024,0.05%
432,Credit Suisse Group Funding (Guernsey) Ltd. FRN 16-APR-2021,0.05%
433,Bristol-Myers Squibb Company 2.6% 16-MAY-2022,0.05%
434,Santander UK Plc 2.125% 03-NOV-2020,0.05%
435,"Mizuho Financial Group, Inc. FRN 28-FEB-2022",0.05%
436,Macquarie Group Limited 6.25% 14-JAN-2021,0.05%
437,"Sumitomo Mitsui Financial Group, Inc. 2.934% 09-MAR-2021",0.05%
438,Dryden 30 Senior Loan Fund AR 1.10013% 15-NOV-2028,0.05%
439,"Banco Santander, S.A. 3.848% 12-APR-2023",0.05%
440,Nationwide Building Society 2.45% 27-JUL-2021,0.05%
441,John Deere Capital Corporation 2.8% 04-MAR-2021,0.05%
442,UBS Commercial Mortgage Trust 2018-C8 A2 3.713% 15-FEB-2051,0.05%
443,"PNC Bank, National Association 2.45% 05-NOV-2020",0.05%
444,"Integrys Energy Group, Inc. 4.17% 01-NOV-2020",0.05%
445,Apple Inc. 2.85% 06-MAY-2021,0.05%
446,Santander UK Plc 3.4% 01-JUN-2021,0.05%
447,BG Energy Capital Plc 4.0% 09-DEC-2020,0.05%
448,UnitedHealth Group Incorporated 2.875% 15-MAR-2022,0.05%
449,Comcast Corporation 2.75% 01-MAR-2023,0.05%
450,Morgan Stanley Capital I Trust 2018-H3 A2 3.997% 15-MAY-2023,0.05%
451,Walt Disney Company FRN 01-SEP-2021,0.05%
452,Heineken NV 2.75% 01-APR-2023,0.05%
453,Societe Generale S.A. 2.625% 16-SEP-2020,0.05%
454,"Ryder System, Inc. 2.875% 01-JUN-2022",0.05%
455,Public Service Electric and Gas Company 3.05% 15-NOV-2024,0.05%
456,Protective Life Global Funding FRN 28-JUN-2021,0.05%
457,Ford Credit Auto Owner Trust 2016-REV1 A 2.31% 15-JAN-2027,0.05%
458,BMW US Capital LLC 3.1% 12-APR-2021,0.05%
459,National Australia Bank Limited 3.375% 20-SEP-2021,0.05%
460,"Mitsubishi UFJ Financial Group, Inc. FRN 13-SEP-2021",0.05%
461,"Sumitomo Mitsui Financial Group, Inc. FRN 09-MAR-2021",0.05%
462,Santander UK Plc FRN 15-NOV-2021,0.05%
463,"PNC Bank, National Association 2.232% 22-JUL-2022",0.05%
464,Citigroup Commercial Mortgage Trust 2018-B2 A2 3.788% 10-MAR-2051,0.05%
465,Citigroup Inc. 2.312% 04-NOV-2022,0.05%
466,Raytheon Technologies Corp. 3.2% 15-MAR-2024,0.05%
467,BOC Aviation Limited 2.375% 15-SEP-2021,0.05%
468,Guardian Life Global Funding 2.5% 08-MAY-2022,0.05%
469,"Citizens Bank, N.A. 2.65% 26-MAY-2022",0.05%
470,Bank of Nova Scotia 2.45% 19-SEP-2022,0.04%
471,Bank of Montreal 2.05% 01-NOV-2022,0.04%
472,Duke Energy Corporation 3.55% 15-SEP-2021,0.04%
473,Pricoa Global Funding I 2.2% 03-JUN-2021,0.04%
474,Diageo Capital Plc 2.625% 29-APR-2023,0.04%
475,Bank of Montreal 1.9% 27-AUG-2021,0.04%
476,"Mizuho Financial Group, Inc. FRN 11-SEP-2022",0.04%
477,"Sumitomo Mitsui Financial Group, Inc. 2.348% 15-JAN-2025",0.04%
478,Aviation Capital Group LLC FRN 30-JUL-2021,0.04%
479,"Church & Dwight Co., Inc. 2.45% 01-AUG-2022",0.04%
480,Federation des caisses Desjardins du Quebec FRN 30-OCT-2020,0.04%
481,Toronto-Dominion Bank FRN 13-JUL-2021,0.04%
482,National Australia Bank Limited 3.0% 20-JAN-2023,0.04%
483,"Mitsubishi UFJ Financial Group, Inc. 2.193% 25-FEB-2025",0.04%
484,Caterpillar Financial Services Corporation FRN 07-SEP-2021,0.04%
485,Benchmark 2018-B3 Commercial Mortgage Trust A2 3.848% 10-APR-2051,0.04%
486,"American International Group, Inc. 6.4% 15-DEC-2020",0.04%
487,Zoetis Inc. 3.45% 13-NOV-2020,0.04%
488,Walt Disney Company 3.0% 15-SEP-2022,0.04%
489,Societe Generale S.A. 4.25% 14-SEP-2023,0.04%
490,Bank of Montreal 2.35% 11-SEP-2022,0.04%
491,BOC Aviation Limited FRN 02-MAY-2021,0.04%
492,Verizon Communications Inc. 3.45% 15-MAR-2021,0.04%
493,Santander UK Plc 2.5% 05-JAN-2021,0.04%
494,Wells Fargo & Company FRN 04-MAR-2021,0.04%
495,Walt Disney Company 2.35% 01-DEC-2022,0.04%
496,Bank of New York Mellon Corporation 2.661% 16-MAY-2023,0.04%
497,Wind River 2012-1 CLO (formerly THL Credit Wind River 2012-1 CLO) ARR 1.155% 15-JAN-2026,0.04%
498,KNDL 2019-KNSQ Mortgage Trust A 0.962% 15-MAY-2036,0.04%
499,Comcast Corporation 3.6% 01-MAR-2024,0.04%
500,Walt Disney Company 2.3% 12-FEB-2021,0.04%
501,HSBC USA Inc. 3.5% 23-JUN-2024,0.04%
502,"Freddie Mac Multiclass Certificates, Series 4002, excluding Group 5 MA 2.0% 15-JAN-2039",0.04%
503,"Sumitomo Mitsui Financial Group, Inc. FRN 14-JUL-2021",0.04%
504,BNP Paribas S.A. 3.375% 09-JAN-2025,0.04%
505,3M Company 2.25% 15-MAR-2023,0.04%
506,Wells Fargo & Company 3.0% 19-FEB-2025,0.04%
507,Federation des caisses Desjardins du Quebec 2.05% 10-FEB-2025,0.04%
508,Verizon Owner Trust 2017-3 A1A 2.06% 20-APR-2022,0.04%
509,Benchmark 2018-B5 Commercial Mortgage Trust A2 4.0765% 15-JUL-2051,0.04%
510,Morgan Stanley FRN 20-JAN-2022,0.04%
511,KeyBank National Association 2.3% 14-SEP-2022,0.04%
512,"Hyundai Capital America, Inc. 3.0% 18-MAR-2021",0.04%
513,Banque Federative du Credit Mutuel SA 3.75% 20-JUL-2023,0.04%
514,American Express Company 3.4% 27-FEB-2023,0.04%
515,Bank of Montreal 3.3% 05-FEB-2024,0.04%
516,BPCE SA 2.75% 11-JAN-2023,0.04%
517,Wells Fargo & Company 3.75% 24-JAN-2024,0.04%
518,Northrop Grumman Corporation 2.55% 15-OCT-2022,0.04%
519,Societe Generale S.A. 2.625% 22-JAN-2025,0.04%
520,Societe Generale S.A. FRN 08-APR-2021,0.04%
521,Tampa Electric Company 5.4% 15-MAY-2021,0.04%
522,Jackson National Life Global Funding 3.3% 01-FEB-2022,0.04%
523,"Sumitomo Mitsui Financial Group, Inc. FRN 19-OCT-2021",0.04%
524,Covidien International Finance SA 2.95% 15-JUN-2023,0.04%
525,Huntington Bancshares Incorporated 3.15% 14-MAR-2021,0.04%
526,Macquarie Bank 2.1% 17-OCT-2022,0.04%
527,BNZ International Funding Ltd. (United Kingdom) 2.65% 03-NOV-2022,0.04%
528,"Goldman Sachs Group, Inc. 2.876% 31-OCT-2022",0.04%
529,Nordea Bank AB 4.875% 14-JAN-2021,0.04%
530,Chevron Phillips Chemical Co. LLC 3.3% 01-MAY-2023,0.04%
531,"NextEra Energy Capital Holdings, Inc. 2.9% 01-APR-2022",0.04%
532,KREF 2018-FL1 A 1.28088% 15-JUN-2036,0.04%
533,Toronto-Dominion Bank FRN 17-MAR-2021,0.04%
534,UBS Commercial Mortgage Trust 2018-C11 A2 3.9927% 15-JUL-2051,0.04%
535,Bank of America Corporation 3.004% 20-DEC-2023,0.04%
536,Credit Agricole SA (London Branch) 3.25% 04-OCT-2024,0.04%
537,"Mitsubishi UFJ Financial Group, Inc. FRN 22-FEB-2022",0.04%
538,CIFC Funding 2012-II-R A1 1.07175% 20-JAN-2028,0.04%
539,Banque Federative du Credit Mutuel SA 2.5% 13-APR-2021,0.04%
540,National Australia Bank Limited FRN 12-JUL-2021,0.04%
541,Citigroup Inc. 2.9% 08-DEC-2021,0.03%
542,Nordea Bank AB FRN 27-MAY-2021,0.03%
543,Barclays Plc 3.25% 12-JAN-2021,0.03%
544,Svenska Handelsbanken AB 1.875% 07-SEP-2021,0.03%
545,U.S. Bancorp 2.8% 27-JAN-2025,0.03%
546,Westpac Banking Corporation FRN 11-JAN-2022,0.03%
547,"Citibank, National Association FRN 23-JUL-2021",0.03%
548,Truist Bank 2.85% 01-APR-2021,0.03%
549,"Mizuho Financial Group, Inc. 2.721% 16-JUL-2023",0.03%
550,Nordea Bank AB 2.5% 17-SEP-2020,0.03%
551,"Capital One, National Association 2.95% 23-JUL-2021",0.03%
552,Sempra Energy FRN 15-MAR-2021,0.03%
553,Northrop Grumman Corporation 2.93% 15-JAN-2025,0.03%
554,GlaxoSmithKline Capital Plc 2.875% 01-JUN-2022,0.03%
555,Brookfield Asset Management Inc. 4.0% 15-JAN-2025,0.03%
556,Ecolab Inc. 4.35% 08-DEC-2021,0.03%
557,ABN AMRO Bank N.V. FRN 19-JAN-2021,0.03%
558,Wells Fargo & Company FRN 07-DEC-2020,0.03%
559,Standard Chartered PLC 2.744% 10-SEP-2022,0.03%
560,Australia and New Zealand Banking Group Limited FRN 09-NOV-2020,0.03%
561,Bristol-Myers Squibb Company 2.9% 26-JUL-2024,0.03%
562,Eaton Corporation 2.75% 02-NOV-2022,0.03%
563,"Mizuho Financial Group, Inc. 3.549% 05-MAR-2023",0.03%
564,"BP Capital Markets America, Inc. 4.5% 01-OCT-2020",0.03%
565,"Stanley Black & Decker, Inc. 2.9% 01-NOV-2022",0.03%
566,Santander UK Group Holdings Plc 2.875% 05-AUG-2021,0.03%
567,Mondelez International Holdings Netherlands BV 2.25% 19-SEP-2024,0.03%
568,ING Groep NV 4.1% 02-OCT-2023,0.03%
569,Bristol-Myers Squibb Company 2.55% 14-MAY-2021,0.03%
570,Equinor ASA 2.875% 06-APR-2025,0.03%
571,"Sumitomo Mitsui Financial Group, Inc. 2.696% 16-JUL-2024",0.03%
572,Cooperatieve Rabobank UA (New York Branch) 2.5% 19-JAN-2021,0.03%
573,National Australia Bank Limited 1.875% 12-JUL-2021,0.03%
574,Bank of New York Mellon Corporation 2.05% 03-MAY-2021,0.03%
575,Neuberger Berman CLO XIX A1R2 1.075% 15-JUL-2027,0.03%
576,Citigroup Inc. 2.7% 30-MAR-2021,0.03%
577,Magnetite XVIII AR 1.36013% 15-NOV-2028,0.03%
578,ANZ New Zealand (Int'l) Ltd. (London Branch) 1.9% 13-FEB-2023,0.03%
579,Cooperatieve Rabobank UA (New York Branch) FRN 10-JAN-2022,0.03%
580,"PNC Bank, National Association 2.028% 09-DEC-2022",0.03%
581,Charles Schwab Corporation 2.65% 25-JAN-2023,0.03%
582,Philip Morris International Inc. 2.875% 01-MAY-2024,0.03%
583,Bank of Montreal FRN 13-APR-2021,0.03%
584,"Mitsubishi UFJ Financial Group, Inc. 2.95% 01-MAR-2021",0.03%
585,"Anheuser-Busch Inbev Worldwide, Inc. 3.5% 12-JAN-2024",0.03%
586,MassMutual Global Funding II 2.75% 22-JUN-2024,0.03%
587,Walt Disney Company 2.55% 15-FEB-2022,0.03%
588,GlaxoSmithKline Capital Plc 3.0% 01-JUN-2024,0.03%
589,National Australia Bank Limited 2.875% 12-APR-2023,0.03%
590,Lloyds Banking Group plc 2.907% 07-NOV-2023,0.03%
591,"Constellation Energy Group, Inc. 5.15% 01-DEC-2020",0.03%
592,"GlaxoSmithKline Capital, Inc. 3.375% 15-MAY-2023",0.03%
593,American Express Company 3.7% 03-AUG-2023,0.02%
594,Express Scripts Holding Company FRN 30-NOV-2020,0.02%
595,GlaxoSmithKline Capital Plc FRN 14-MAY-2021,0.02%
596,Daimler Finance North America LLC FRN 12-FEB-2021,0.02%
597,"Cargill, Incorporated 3.05% 19-APR-2021",0.02%
598,Jackson National Life Global Funding 2.6% 09-DEC-2020,0.02%
599,Comcast Corporation 3.375% 15-FEB-2025,0.02%
600,CK Hutchison International (17) Ltd. 2.875% 05-APR-2022,0.02%
601,Bank of Nova Scotia 3.125% 20-APR-2021,0.02%
602,Toronto-Dominion Bank 1.9% 01-DEC-2022,0.02%
603,Apple Inc. 2.75% 13-JAN-2025,0.02%
604,"Goldman Sachs Group, Inc. FRN 23-APR-2021",0.02%
605,Raytheon Technologies Corp. 2.5% 15-DEC-2022,0.02%
606,Daimler Finance North America LLC 2.55% 15-AUG-2022,0.02%
607,"Cargill, Incorporated 3.3% 01-MAR-2022",0.02%
608,National Bank of Canada 2.2% 02-NOV-2020,0.02%
609,Honeywell International Inc. 2.15% 08-AUG-2022,0.02%
610,Bank of America Corporation 5.0% 13-MAY-2021,0.02%
611,Equinor ASA 2.9% 08-NOV-2020,0.02%
612,"Analog Devices, Inc. 2.5% 05-DEC-2021",0.02%
613,"Gilead Sciences, Inc. 3.7% 01-APR-2024",0.02%
614,Bristol-Myers Squibb Company 2.875% 19-FEB-2021,0.02%
615,Santander UK Plc FRN 01-JUN-2021,0.02%
616,KKR CLO 17 A 1.615% 15-APR-2029,0.02%
617,Aviation Capital Group LLC 2.875% 20-JAN-2022,0.02%
618,BlueMountain CLO 2013-1 A1R2 1.50175% 20-JAN-2029,0.02%
619,Bank of Nova Scotia 1.625% 01-MAY-2023,0.02%
620,Bank of Nova Scotia 3.4% 11-FEB-2024,0.02%
621,Suncorp Group Limited 2.375% 09-NOV-2020,0.02%
622,Australia & New Zealand Banking (New York Branch) FRN 01-JUN-2021,0.02%
623,Sempra Energy FRN 15-JAN-2021,0.02%
624,General Dynamics Corporation 3.25% 01-APR-2025,0.02%
625,Caterpillar Inc. 3.9% 27-MAY-2021,0.02%
626,"Cargill, Incorporated 4.307% 14-MAY-2021",0.02%
627,Marathon Petroleum Corporation 5.125% 01-MAR-2021,0.02%
628,"Spectra Energy Partners, LP 4.6% 15-JUN-2021",0.02%
629,Apple Inc. 2.5% 09-FEB-2025,0.02%
630,Philip Morris International Inc. 2.5% 02-NOV-2022,0.02%
631,American Express Company 3.0% 30-OCT-2024,0.02%
632,"Mitsubishi UFJ Financial Group, Inc. 3.761% 26-JUL-2023",0.02%
633,ANZ New Zealand (Int'l) Ltd. (London Branch) 2.875% 25-JAN-2022,0.02%
634,HSBC USA Inc. 5.0% 27-SEP-2020,0.02%
635,Symphony CLO XV XR2 0.97288% 17-JAN-2032,0.02%
636,"Consolidated Edison Company of New York, Inc. FRN 25-JUN-2021",0.02%
637,Bank of America Corporation 2.816% 21-JUL-2023,0.02%
638,Bank of America Corporation 3.458% 15-MAR-2025,0.02%
639,Enterprise Products Operating LLC 2.8% 15-FEB-2021,0.02%
640,CSAIL 2017-CX9 Commercial Mortgage Trust A2 3.0538% 15-SEP-2050,0.02%
641,"Dr Pepper Snapple Group, Inc. 3.2% 15-NOV-2021",0.02%
642,International Business Machines Corporation 3.0% 15-MAY-2024,0.02%
643,Pfizer Inc. 3.4% 15-MAY-2024,0.02%
644,Bank of America Corporation 2.328% 01-OCT-2021,0.02%
645,Protective Life Global Funding 2.161% 25-SEP-2020,0.02%
646,Oracle Corporation 2.95% 15-NOV-2024,0.02%
647,"PNC Bank, National Association 1.743% 24-FEB-2023",0.02%
648,Toronto-Dominion Bank FRN 11-JUN-2021,0.02%
649,IBM Credit LLC FRN 20-JAN-2021,0.02%
650,"Enbridge Energy Partners, L.P. 4.2% 15-SEP-2021",0.02%
651,New York Life Global Funding FRN 06-AUG-2021,0.02%
652,Toronto-Dominion Bank FRN 14-DEC-2020,0.02%
653,Bank of New York Mellon Corporation 4.15% 01-FEB-2021,0.02%
654,UnitedHealth Group Incorporated 3.35% 15-JUL-2022,0.02%
655,Santander UK Plc 2.875% 18-JUN-2024,0.02%
656,"Hyundai Capital America, Inc. 3.1% 05-APR-2022",0.02%
657,Commonwealth Bank of Australia FRN 10-MAR-2022,0.02%
658,Canadian Imperial Bank of Commerce 2.7% 02-FEB-2021,0.02%
659,International Business Machines Corporation 2.875% 09-NOV-2022,0.02%
660,Lloyds Banking Group plc 4.05% 16-AUG-2023,0.02%
661,Sumitomo Mitsui Banking Corporation 3.2% 18-JUL-2022,0.02%
662,Australia and New Zealand Banking Group Limited FRN 17-MAY-2021,0.02%
663,"Capital One Bank (USA), National Association 2.014% 27-JAN-2023",0.02%
664,ERAC USA Finance LLC 2.6% 01-DEC-2021,0.02%
665,Huntington National Bank 3.125% 01-APR-2022,0.02%
666,Cooperatieve Rabobank UA 2.75% 10-JAN-2023,0.02%
667,MidAmerican Energy Holdings Company 3.75% 15-NOV-2023,0.02%
668,AIG Global Funding 2.3% 01-JUL-2022,0.02%
669,Moody's Corporation 4.5% 01-SEP-2022,0.02%
670,Penske Truck Leasing Co. LP 3.3% 01-APR-2021,0.02%
671,"Intercontinental Exchange, Inc. 2.35% 15-SEP-2022",0.02%
672,Citigroup Inc. 2.876% 24-JUL-2023,0.02%
673,Bank of New York Mellon Corporation 3.25% 11-SEP-2024,0.02%
674,Ingersoll-Rand Global Holding Co. Ltd. 2.9% 21-FEB-2021,0.02%
675,Oracle Corporation 1.9% 15-SEP-2021,0.02%
676,Jackson National Life Global Funding 2.5% 27-JUN-2022,0.02%
677,U.S. Bank National Association 2.65% 23-MAY-2022,0.02%
678,National Rural Utilities Cooperative Finance Corporation 2.3% 15-SEP-2022,0.02%
679,Bank of Montreal 3.1% 13-APR-2021,0.02%
680,Lloyds Bank plc FRN 07-MAY-2021,0.02%
681,Citigroup Inc. 4.044% 01-JUN-2024,0.02%
682,"Citibank, National Association 2.125% 20-OCT-2020",0.02%
683,Alibaba Group Holding Ltd. 3.125% 28-NOV-2021,0.02%
684,Philip Morris International Inc. 1.875% 25-FEB-2021,0.02%
685,"Ameriprise Financial, Inc. 3.0% 02-APR-2025",0.01%
686,Morgan Stanley 3.875% 29-APR-2024,0.01%
687,Newark BSL CLO 2 (formerly TCI-Cent CLO 2017-1) A1 1.5145% 25-JUL-2030,0.01%
688,Verizon Communications Inc. 3.376% 15-FEB-2025,0.01%
689,SunTrust Bank FRN 26-OCT-2021,0.01%
690,"Wells Fargo Bank, N.A. 2.897% 27-MAY-2022",0.01%
691,Bank of Nova Scotia 2.45% 22-MAR-2021,0.01%
692,Apple Inc. 3.45% 06-MAY-2024,0.01%
693,Berkshire Hathaway Inc. 2.2% 15-MAR-2021,0.01%
694,Cooperatieve Rabobank UA 4.5% 11-JAN-2021,0.01%
695,"Mitsubishi UFJ Financial Group, Inc. 2.19% 13-SEP-2021",0.01%
696,Oracle Corporation 2.4% 15-SEP-2023,0.01%
697,CVS Health Corporation FRN 09-MAR-2021,0.01%
698,"PNC Bank, National Association FRN 22-JAN-2021",0.01%
699,"US Bank Trust, NA (St. Paul, Minnesota) FRN 26-APR-2021",0.01%
700,Siemens Financieringsmaatschappij NV 1.7% 15-SEP-2021,0.01%
701,International Business Machines Corporation 1.875% 01-AUG-2022,0.01%
702,Huntington National Bank 3.55% 06-OCT-2023,0.01%
703,"Ameriprise Financial, Inc. 4.0% 15-OCT-2023",0.01%
704,Regions Financial Corporation 2.25% 18-MAY-2025,0.01%
705,GS Mortgage Securities Trust 2017-GS5 A2 3.218% 10-MAR-2050,0.01%
706,Westpac Banking Corporation FRN 19-AUG-2021,0.01%
707,Symphony CLO XX X 1.27088% 16-JAN-2032,0.01%
708,National Australia Bank Limited 2.5% 12-JAN-2021,0.01%
709,Berkshire Hathaway Energy Co. 3.5% 01-FEB-2025,0.01%
710,Caterpillar Financial Services Corporation FRN 06-JAN-2022,0.01%
711,New York Life Global Funding 2.3% 10-JUN-2022,0.01%
712,"Banco Santander, S.A. 0.0% 21-SEP-2020",0.01%
713,"Goldman Sachs Group, Inc. 2.625% 25-APR-2021",0.01%
714,Canadian Imperial Bank of Commerce FRN 02-FEB-2021,0.01%
715,"Volvo Financial Equipment, Series 2019-1 A2 2.9% 15-NOV-2021",0.01%
716,Rogers Communications Inc. 3.0% 15-MAR-2023,0.01%
717,Westlake Automobile Receivables Trust 2019-1 A2A 3.06% 15-MAY-2022,0.01%
718,Commonwealth Bank of Australia 3.45% 16-MAR-2023,0.01%
719,Daimler Finance North America LLC FRN 04-MAY-2021,0.01%
720,"EOG Resources, Inc. 4.1% 01-FEB-2021",0.01%
721,ANZ New Zealand (Int'l) Ltd. (London Branch) 2.75% 03-FEB-2021,0.01%
722,HSBC Holdings Plc 4.0% 30-MAR-2022,0.01%
723,"Progress Energy, Inc. 4.4% 15-JAN-2021",0.01%
724,"Sumitomo Mitsui Financial Group, Inc. 2.058% 14-JUL-2021",0.01%
725,Unilever Capital Corp. 3.0% 07-MAR-2022,0.01%
726,"PPL Capital Funding, Inc. 3.95% 15-MAR-2024",0.01%
727,McKesson Corporation 3.65% 30-NOV-2020,0.01%
728,Bank of America Corporation 3.3% 11-JAN-2023,0.01%
729,Pfizer Inc. 2.95% 15-MAR-2024,0.01%
730,Bristol-Myers Squibb Company 2.25% 15-AUG-2021,0.01%
731,"PNC Financial Services Group, Inc. 2.854% 09-NOV-2022",0.01%
732,American Express Company 3.375% 17-MAY-2021,0.01%
733,Walt Disney Company 3.75% 01-JUN-2021,0.01%
734,"Zimmer Biomet Holdings, Inc. FRN 19-MAR-2021",0.01%
735,Cigna Corporation FRN 17-SEP-2021,0.01%
736,Commonwealth Bank of Australia 2.75% 10-MAR-2022,0.01%
737,AbbVie Inc. 3.8% 15-MAR-2025,0.01%
738,ANZ Banking Group Ltd. (New York Branch) FRN 23-NOV-2021,0.01%
739,Lloyds Banking Group plc 3.1% 06-JUL-2021,0.01%
740,Metropolitan Life Global Funding I FRN 28-MAY-2021,0.01%
741,"ABB Finance (USA), Inc. 2.875% 08-MAY-2022",0.01%
742,Intel Corporation 1.7% 19-MAY-2021,0.01%
743,UBS Group Funding (Jersey) Ltd. FRN 14-APR-2021,0.01%
744,Dominion Energy Gas Holdings LLC 2.8% 15-NOV-2020,0.01%
745,Bank of New York Mellon Corporation 3.4% 15-MAY-2024,0.01%
746,Royal Bank of Canada FRN 01-FEB-2022,0.01%
747,BB&T Corporation 3.2% 03-SEP-2021,0.01%
748,Duke Energy Corporation 2.4% 15-AUG-2022,0.01%
749,UnitedHealth Group Incorporated 2.875% 15-DEC-2021,0.01%
750,Apple Inc. 2.85% 11-MAY-2024,0.01%
751,HSBC Holdings Plc 2.65% 05-JAN-2022,0.01%
752,Voya CLO 2014-3 A1R 0.9645% 25-JUL-2026,0.01%
753,"MUFG Union Bank, National Association 3.15% 01-APR-2022",0.01%
754,PECO Energy Company 1.7% 15-SEP-2021,0.01%
755,International Business Machines Corporation 3.625% 12-FEB-2024,0.01%
756,Comcast Corporation 3.1% 01-APR-2025,0.01%
757,Siemens Financieringsmaatschappij NV FRN 16-MAR-2022,0.01%
758,Bank of America Corporation 4.1% 24-JUL-2023,0.01%
759,Equinor ASA 2.45% 17-JAN-2023,0.01%
760,Westpac Banking Corporation 2.0% 13-JAN-2023,0.01%
761,Volkswagen Group of America Finance LLC FRN 13-NOV-2020,0.01%
762,Australia & New Zealand Banking (New York Branch) 2.3% 01-JUN-2021,0.01%
763,"Hyundai Capital America, Inc. 2.75% 18-SEP-2020",0.01%
764,Commonwealth Bank of Australia 3.35% 04-JUN-2024,0.01%
765,HSBC Holdings Plc 4.875% 14-JAN-2022,0.01%
766,Coca-Cola Company 3.15% 15-NOV-2020,0.01%
767,ERAC USA Finance LLC 5.25% 01-OCT-2020,0.01%
768,Fifth Third Bancorp 2.375% 28-JAN-2025,0.01%
769,Australia and New Zealand Banking Group Limited 2.25% 09-NOV-2020,0.01%
770,Phillips 66 FRN 26-FEB-2021,0.01%
771,Toronto-Dominion Bank 2.55% 25-JAN-2021,0.01%
772,PACCAR Financial Corp. FRN 10-MAY-2021,0.01%
773,Philip Morris International Inc. 4.125% 17-MAY-2021,0.01%
774,UnitedHealth Group Incorporated 3.375% 15-NOV-2021,0.01%
775,National Australia Bank Limited 2.625% 14-JAN-2021,0.01%
776,"Nomura Holdings, Inc. 2.648% 16-JAN-2025",0.01%
777,American Express Company FRN 30-OCT-2020,0.01%
778,"Citibank, National Association FRN 12-FEB-2021",0.01%
779,Intel Corporation 3.3% 01-OCT-2021,0.01%
780,OHA Credit Partners X-R X 0.90175% 20-DEC-2030,0.01%
781,John Deere Capital Corporation 2.75% 15-MAR-2022,0.01%
782,Sanofi 4.0% 29-MAR-2021,0.01%
783,DH Europe Finance II SARL 2.05% 15-NOV-2022,0.01%
784,Bank of America Corporation 2.503% 21-OCT-2022,0.01%
785,"ABB Treasury Center (USA), Inc. 4.0% 15-JUN-2021",0.01%
786,BB&T Corporation 2.15% 01-FEB-2021,0.01%
787,Commonwealth Bank of Australia 2.2% 09-NOV-2020,0.01%
788,"Marsh & McLennan Companies, Inc. FRN 29-DEC-2021",0.01%
789,KeyBank National Association 2.4% 09-JUN-2022,0.01%
790,Toronto-Dominion Bank 1.8% 13-JUL-2021,0.01%
791,OCP CLO 2016-12 A1R 1.39175% 18-OCT-2028,0.01%
792,BMW US Capital LLC FRN 13-AUG-2021,0.01%
793,National Rural Utilities Cooperative Finance Corporation 2.95% 07-FEB-2024,0.01%
794,Westpac Banking Corporation FRN 01-SEP-2020,0.01%
795,U.S. Bank National Association 2.05% 21-JAN-2025,0.01%
796,TransCanada PipeLines Ltd. 9.875% 01-JAN-2021,0.01%
797,Jackson National Life Global Funding 2.375% 15-SEP-2022,0.01%
798,American Express Company 2.65% 02-DEC-2022,0.01%
799,U.S. Bank National Association 3.0% 04-FEB-2021,0.01%
800,Bank of New York Mellon Corporation 3.5% 28-APR-2023,0.01%
801,Metropolitan Life Global Funding I 3.375% 11-JAN-2022,0.01%
802,"Citibank, National Association 3.4% 23-JUL-2021",0.01%
803,Jackson National Life Global Funding FRN 11-JUN-2021,0.01%
804,CGDBB Commercial Mortgage Trust 2017-BIOC A 0.952% 15-JUL-2032,0.01%
805,Guardian Life Global Funding 2.0% 26-APR-2021,0.01%
806,Bank of New York Mellon Corporation 2.5% 15-APR-2021,0.01%
807,Bank of America Corporation 4.125% 22-JAN-2024,0.01%
808,Comerica Bank (Investment Management Texas) 2.5% 23-JUL-2024,0.01%
809,Canadian Imperial Bank of Commerce 2.55% 16-JUN-2022,0.01%
810,BNZ International Funding Ltd. 2.75% 02-MAR-2021,0.01%
811,Telstra Corporation Limited 4.8% 12-OCT-2021,0.01%
812,"Prudential Financial, Inc. 4.5% 15-NOV-2020",0.01%
813,Bank of America Corporation 4.0% 01-APR-2024,0.01%
814,BlueMountain CLO 2016-3 X 0.90013% 15-NOV-2030,0.00%
815,Mizuho Bank Ltd. (Old) 3.2% 26-MAR-2025,0.00%
816,Xcel Energy Inc. 2.4% 15-MAR-2021,0.00%
817,Citigroup Inc. FRN 26-OCT-2020,0.00%
818,IBM Credit LLC FRN 05-FEB-2021,0.00%
819,Comcast Corporation 3.0% 01-FEB-2024,0.00%
820,Carlyle Global Market Strategies CLO 2012-4 XRR 1.00775% 22-APR-2032,0.00%
821,"Medtronic, Inc. 3.625% 15-MAR-2024",0.00%
822,First Republic Bank 1.912% 12-FEB-2024,0.00%
823,John Deere Capital Corporation 2.8% 27-JAN-2023,0.00%
824,Pricoa Global Funding I 2.55% 24-NOV-2020,0.00%
825,Dryden 36 Senior Loan Fund XR2 0.925% 15-APR-2029,0.00%
826,"Gilead Sciences, Inc. 3.5% 01-FEB-2025",0.00%
827,Sempra Energy 2.85% 15-NOV-2020,0.00%
828,LCM XVII XR 0.875% 15-OCT-2031,0.00%
829,Bank of New York Mellon Corporation 2.2% 16-AUG-2023,0.00%
830,Guardian Life Global Funding 3.4% 25-APR-2023,0.00%
831,Bristol-Myers Squibb Company 3.55% 15-AUG-2022,0.00%
832,Bank of Montreal FRN 27-AUG-2021,0.00%
833,IBM Credit LLC FRN 30-NOV-2020,0.00%
834,Huntington National Bank 1.8% 03-FEB-2023,0.00%
835,Citigroup Inc. 1.678% 15-MAY-2024,0.00%
836,U.S. Bank National Association 1.8% 21-JAN-2022,0.00%
837,KeyBank National Association 1.25% 10-MAR-2023,0.00%
838,Morgan Stanley 2.5% 21-APR-2021,0.00%
839,Principal Life Global Funding II 2.375% 21-NOV-2021,0.00%
840,Royal Bank of Canada 1.95% 17-JAN-2023,0.00%
841,Walt Disney Company 2.75% 16-AUG-2021,0.00%
842,"NextEra Energy Capital Holdings, Inc. FRN 04-MAY-2021",0.00%
843,"Nestle Holdings, Inc. 3.1% 24-SEP-2021",0.00%
844,Bristol-Myers Squibb Company 3.95% 15-OCT-2020,0.00%
845,Skandinaviska Enskilda Banken AB 2.625% 17-NOV-2020,0.00%
846,BXMT 2017-FL1 A 1.06% 14-JUN-2035,0.00%
847,John Deere Capital Corporation FRN 09-OCT-2020,0.00%
848,New York Life Global Funding 2.0% 13-APR-2021,0.00%
849,"Wells Fargo Bank, N.A. FRN 22-OCT-2021",0.00%
850,New York Life Global Funding 2.95% 28-JAN-2021,0.00%
851,Cooperatieve Rabobank UA (New York Branch) 2.75% 10-JAN-2022,0.00%
852,Westpac Banking Corporation FRN 13-MAY-2021,0.00%
853,BlueMountain CLO 2014-2 X 0.87175% 20-OCT-2030,0.00%
854,AIG Global Funding 2.7% 15-DEC-2021,0.00%
855,Bank of New York Mellon Corporation 2.95% 29-JAN-2023,0.00%
856,Apple Inc. 1.55% 04-AUG-2021,0.00%
857,Caterpillar Financial Services Corporation FRN 17-MAY-2021,0.00%
858,Bank of New York Mellon Corporation 2.6% 07-FEB-2022,0.00%
859,ANZ Banking Group Ltd. (New York Branch) 2.55% 23-NOV-2021,0.00%
860,Pfizer Inc. 1.95% 03-JUN-2021,0.00%
861,"Mitsubishi UFJ Financial Group, Inc. 3.455% 02-MAR-2023",0.00%
862,Columbia Cent CLO 27 X 0.9445% 25-OCT-2028,0.00%
863,Unilever Capital Corp. 1.375% 28-JUL-2021,0.00%
864,Toronto-Dominion Bank FRN 25-JAN-2021,0.00%
865,New York Life Global Funding 3.25% 06-AUG-2021,0.00%
866,OHA Credit Funding 1 X 0.92175% 20-OCT-2030,0.00%
867,Lloyds Banking Group plc 2.858% 17-MAR-2023,0.00%
868,Bank of America Corporation 3.124% 20-JAN-2023,0.00%
869,Bank of Nova Scotia 2.8% 21-JUL-2021,0.00%
870,State Street Corporation 1.95% 19-MAY-2021,0.00%
871,Charles Schwab Corporation 3.225% 01-SEP-2022,0.00%
872,Berkshire Hathaway Energy Co. 2.375% 15-JAN-2021,0.00%
873,"American International Group, Inc. 4.875% 01-JUN-2022",0.00%
874,IBM Credit LLC 3.6% 30-NOV-2021,0.00%
875,UBS Group Funding (Switzerland) AG 3.491% 23-MAY-2023,0.00%
876,Estee Lauder Companies Inc. 1.7% 10-MAY-2021,0.00%
877,Lloyds Banking Group plc FRN 21-JUN-2021,0.00%
878,John Deere Capital Corporation FRN 10-SEP-2021,0.00%
879,Principal Life Global Funding II 2.625% 19-NOV-2020,0.00%
880,U.S. Bank National Association 3.45% 16-NOV-2021,0.00%
881,"PPG Industries, Inc. 2.4% 15-AUG-2024",0.00%
882,"SunTrust Banks, Inc. 2.7% 27-JAN-2022",0.00%
883,"Sumitomo Mitsui Financial Group, Inc. 2.846% 11-JAN-2022",0.00%
884,Public Service Enterprise Group Incorporated 2.875% 15-JUN-2024,0.00%
885,Royal Bank of Canada Medium Term Notes 2017-26.10.20 Global Series G Floating Rate,0.00%
886,Manufacturers and Traders Trust Company 2.625% 25-JAN-2021,0.00%
887,Wells Fargo & Company FRN 26-JUL-2021,0.00%
888,National Australia Bank Limited 3.7% 04-NOV-2021,0.00%
889,Manufacturers and Traders Trust Company 2.5% 18-MAY-2022,0.00%
890,ERAC USA Finance LLC 4.5% 16-AUG-2021,0.00%
891,Metropolitan Life Global Funding I 3.0% 10-JAN-2023,0.00%
892,Pfizer Inc. 2.8% 11-MAR-2022,0.00%
893,American Express Company 3.4% 22-FEB-2024,0.00%
894,Kimberly-Clark Corporation 3.875% 01-MAR-2021,0.00%
895,Apple Inc. 2.0% 13-NOV-2020,0.00%
896,American Express Credit Corporation FRN 03-MAR-2022,0.00%
897,Pfizer Inc. 3.0% 15-SEP-2021,0.00%
898,Bank of Nova Scotia FRN 20-APR-2021,0.00%
899,"MUFG Bank, Ltd. 4.1% 09-SEP-2023",0.00%
900,Royal Bank of Canada 2.5% 19-JAN-2021,0.00%
901,GT Loan Financing I XR 0.89675% 28-JUL-2031,0.00%
902,3M Company 1.75% 14-FEB-2023,0.00%
903,Volkswagen Group of America Finance LLC 3.875% 13-NOV-2020,0.00%
904,MassMutual Global Funding II 2.0% 15-APR-2021,0.00%
905,Skandinaviska Enskilda Banken AB FRN 17-MAY-2021,0.00%
906,Allegro CLO II-S X 0.92138% 21-OCT-2028,0.00%
907,John Deere Capital Corporation 3.2% 10-JAN-2022,0.00%
908,"Sumitomo Mitsui Financial Group, Inc. 3.102% 17-JAN-2023",0.00%
909,Eversource Energy 3.8% 01-DEC-2023,0.00%
910,Philip Morris International Inc. 2.5% 22-AUG-2022,0.00%
911,ORIX Corporation 2.9% 18-JUL-2022,0.00%
912,Suncorp Group Limited 2.8% 04-MAY-2022,0.00%
913,Abbott Laboratories 2.55% 15-MAR-2022,0.00%
914,John Deere Capital Corporation FRN 07-MAR-2022,0.00%
915,NatWest Group Plc 2.359% 22-MAY-2024,0.00%
916,"Marsh & McLennan Companies, Inc. 3.5% 29-DEC-2020",0.00%
917,Bank of Nova Scotia FRN 08-JAN-2021,0.00%
918,American Express Company 2.75% 20-MAY-2022,0.00%
919,AT&T Inc. 3.4% 15-MAY-2025,0.00%
920,IBM Credit LLC 1.8% 20-JAN-2021,0.00%
921,"Anheuser-Busch Inbev Finance, Inc. FRN 01-FEB-2021",0.00%
922,AbbVie Inc. FRN 21-MAY-2021,0.00%
923,John Deere Capital Corporation FRN 08-JAN-2021,0.00%
924,Charles Schwab Corporation 4.2% 24-MAR-2025,0.00%
925,Clear Creek CLO X 1.27175% 20-OCT-2030,0.00%
926,"Chubb INA Holdings, Inc. 2.3% 03-NOV-2020",0.00%
927,Verizon Owner Trust 2017-3 A1B 0.45675% 20-APR-2022,0.00%
928,Benefit Street Partners CLO II X 1.975% 15-JUL-2029,0.00%
929,U.S. Bancorp FRN 24-JAN-2022,0.00%
930,Toronto-Dominion Bank FRN 07-APR-2021,0.00%
931,SHORT POSITIONS,-0.01%
